text,stance
"The statues actually have bodies, as you see from the pictures following the first one, but the arms are more stylized (simplified). The first picture with crossed arms is a hoax. Why do some small minds think they are cute when they spread wrong information? Maybe it's the only way they can get some attention...",neutral
"Isn't the grass green today? yeah, it's green. Very green. Greener than yesterday? No, not that green. Nice weather isn't it? Blablablabla.....",neutral
"Did read somewhere that ancient hieroglyphs of some sort are on the back at the bottom of the statue. What's the betting they find out, when translated, it say's 'Made in China'? :)",believes the fake news
Lol so fake. I've seen multiple documentaries on Easter Island. And even watched ppl attempt to move them the way their creators did with rope.,criticizes the fake news
Parece increible que estas esculturas tan enormes fueron construidas hace miles de a√±os sin contar con maquinaria y adelantos algunos para lograr estas maravillas.,believes the fake news
"Its real.I think ,no one talked about it ,because its"" Easter ""Islands ,and the ""heads"" hold their cocks .Very likely there is a religious politics behind it .",believes the fake news
"I love this picture, it's as if they are saying ""What took you dummy's so long to figure this out"". lol",neutral
EVERYONE this IS IT EHAT IT LOOKS LIKE ITS. :) https://scontent.fnap3-2.fna.fbcdn.net/v/t39.30808-6/462120848_2606810872853967_84591487318582726_n.jpg?_nc_cat=111&ccb=1-7&_nc_sid=bd9a62&_nc_ohc=phPlQ8_SSOsQ7kNvgFQqSBc&_nc_zt=23&_nc_ht=scontent.fnap3-2.fna&_nc_gid=APuzCwQYORFYE7zcg8W0oXb&oh=00_AYClKqvZxPVAQY69SJltMw4cfP87Pm3IFRXZTtnPR5hc9Q&oe=67A00079,believes the fake news
https://scontent.fnap3-1.fna.fbcdn.net/v/t39.30808-6/464722824_8890366694335860_8563890557972106582_n.jpg?stp=dst-jpg_p370x247_tt6&_nc_cat=105&ccb=1-7&_nc_sid=bd9a62&_nc_ohc=YiXX3g-mlBYQ7kNvgGstuvJ&_nc_zt=23&_nc_ht=scontent.fnap3-1.fna&_nc_gid=APuzCwQYORFYE7zcg8W0oXb&oh=00_AYC61b8B4Q7omn6_2r_etw7mQ2WAMHhf6-HIqI9WzEY0nw&oe=67A00626,neutral
Hahahahahah Travis Halterman see!! There is an Easter Island!,believes the fake news
"As much as I know these statues became famous as a mysterious heads ""growing"" from the earth,but here we have more to know more about their story. But when the hidden parts of the statues were uncovered,pls? I didn't see it yet",criticizes the fake news
"Credo che l'unica statua di questo tipo fuori dall'isola si trovi in Italia, per la precisione a Vitorchiano (Lazio). Fu costruita dagli stessi moai sul posto e messa sulla piazza principale del paese, davanti alle antiche mura. Poi, non so perch√©, spostata lontano, in un buio parcheggio, e senza una indicazione che ne annunci la presenza o l'ubicazione.",neutral
They've known about them for quite awhile as not all of them were torn down.  Its just that alot of them were torn down and destroyed when their civilization fell apart.,criticizes the fake news
"Looks like Hoax, how can it  be real, after so so so many years, if it is real, wiki should update its page on Moai statues. Why is it not updated yet !?!?",criticizes the fake news
i see in one catalog tha statues I like to buy one to  put it in front of my  yard but my son said no someone may steal it,neutral
"Skillnaden mellanntro och vetande..
Bakom tron existerar mer, dvs det finns en orsak till tron, och n√§r orsaken kommer fram fullt ut, √§r det vetenskap, vid just gr√§nsen..s√• vetenskap kan komma l√§ngre tills den absoluta sanningen uppenbarar sig.  Jag antar att det finns en absolut sanning, det √§r en tro jag har :-)",believes the fake news
"This picture was just for joke in a journal saying ""have you ever imagined?"" And the showed the real ones... Come on, a bit more sense of humor. It was very clear to me.",believes the fake news
"Diana Gutierrez, con mas raz√≥n creo en la teor√≠a de q los gigantes la construyeron...",believes the fake news
"It blows my mind that anyone was idiotic enough to believe the first photo was real in the first place. I'm just kind of laughing at the argument about it, tbh.",criticizes the fake news
"It looks impossible and has Far Side funniness that somehow helps one appreciate the simple beauty of the real sculptures ',))",believes the fake news
Well there you go. A little bit like life really. You never really know what people are really like till you dig a bit deeper under the surface.,criticizes the fake news
Rana Musleh hii habibtii. Show these to Faris he took about them before i think he might be interested with the news,believes the fake news
wajajaja pero no ese cuerpo fitness wajajaja tienen el mismo cuerpo que los que est√°n completos parados fuera de la isla como en AKIVI O TAHAI O TONGARIKI etc,criticizes the fake news
"cette photo fait un peu ""montage"" mais les autres sont surprenantes! Quelle id√©e g√©niale d'avoir creuser autour et sous les t√™tes!!",neutral
Pero yo esta noticia no hab√≠a le√≠do.  Cuando ha salido esta noticia?,criticizes the fake news
Mina Nagy Mohannad Alaa ÿ¨ÿßÿ¶ÿ≤ÿ© ÿßŸÑ#ÿπŸÑŸä_Ÿàÿ∂ÿπŸÜÿß ÿ™ÿ∞Ÿáÿ® ÿßŸÑŸä.... :D,believes the fake news
"Cela me fait penser: lorsqu'il y a une t√™te de cerf accroch√©e au mur en troph√©e de chasse, est-ce que le reste du corps d√©passe de l'autre c√¥t√© du mur ???",neutral
This one is fake. It's Photoshop.,neutral
They do have bodies but they didn't work out,neutral
This is false. Why post this photo? It is made up. Might as well give him Santa Costume bodies.,criticizes the fake news
Deanna Haren Ahahaha Mr Cacahuete ! look at the album ahaha,criticizes the fake news
‡πÑ‡∏°‡πÑ‡∏°‡πà‡∏Ç‡∏∏‡∏î‡πÄ‡∏ô‡∏≤‡∏Ç‡∏∂‡πâ‡∏ô‡∏°‡∏≤ ‡πÉ‡∏Ñ‡∏£‡∏à‡∏∞‡∏ö‡πâ‡∏≤‡πÄ‡∏≠‡∏≤‡∏´‡∏±‡∏ß‡∏°‡∏≤‡∏ß‡∏≤‡∏á,neutral
And I assure you it doesn't look like this,criticizes the fake news
Ketav Shah,neutral
Enrico Dacumos,neutral
Yan Agbayani,neutral
Nicolas Gabbanella,neutral
Nice,neutral
Os primeiros maromba da hist√≥ria #ficagrandepoha #focofor√ßafe #frangocombatatadoce #way,criticizes the fake news
Name of the artist who painted this?,criticizes the fake news
"Why all those strange pictures are capture from a far distance? Why can't it be taken from close range to make sure that what they believe are real? Now i'm not sure all these findings since it appears blurr and it seems only speculation about what it'd be....Untill a clear and fine close range pictures are shown, i won't believe all these theories and bullshit!..",criticizes the fake news
"What if (Hindu, Buddhist, Muslim, Christian, antithesis, scientists, psychology) Share same truth...?  Mankind is blind nowdays just like 7 brother argument for a elephant look. Being concerned about other people is especially relevant in today's world. If we consider the complex inter-connected ness of our modern lives, how we depend on others and others depend on us, our outlook will change. We‚Äôll begin to see 'others' not as somehow distant from us, but as people we are in touch with, people close to us; we will no longer feel indifferent to them.",neutral
Every shape which look like an animal or human figure doesn't mean that life was and is exist there. For me it's looks like King Kong figure!!,criticizes the fake news
https://scontent.fnap3-2.fna.fbcdn.net/v/t39.30808-6/464969608_8961682433863757_7613597871330312245_n.jpg?_nc_cat=110&ccb=1-7&_nc_sid=bd9a62&_nc_ohc=9xSGSjgh8cgQ7kNvgHfzumy&_nc_zt=23&_nc_ht=scontent.fnap3-2.fna&_nc_gid=ARUI-9ZoAXtEWjEHWjxIOXT&oh=00_AYCbFvDpeHwrDKRKvS7C6-9yrG4X6CizyUOMztB9YED6Ig&oe=67A038F1!,neutral
What's the conspiracy theory again..? Did Gautama Buddha visited mars to spread Buddhism ...?,criticizes the fake news
"Gautama Buddha was the greatest teacher ever the world have. According to the Buddha, we have 33 Lokho Bumis (33 world) in the universe but the scientist found 9, so its possbl to hav a buddha statue in mars by buddha's super enliphtenment power.",believes the fake news
Mars will soon claim that Lord #GautamBuddha was born on Mars as India does unashamedly from time to time.,criticizes the fake news
aliens are buddhist.....!,believes the fake news
Those statue might be taken and place by the NASA' s Buddhist astronauts,criticizes the fake news
"most rubbish news and thought I have ever known of.... Buddha statue cannot exist there, silly folks",criticizes the fake news
"Look another instance of Pareidolia! Pareidolia is the tendency for humans to see familiar shapes in patterns or objects. It is why people see shapes in the clouds, or faces on toast... Nothing special at all.",criticizes the fake news
"Because getting a closer shot is unimaginable? Kind of like every UFO and Bigfoot/Alien sighting is captured in 240p, with today's technical specs giving most cell phone recordings a 720p standard? Excuse me, while I dismiss every bullshit theory about image speculation.",criticizes the fake news
"To me , it seems like statue of Modijee touching his mothers feet, he knows where the camera man is lol,,,,",criticizes the fake news
NASA is good at creating such story.,criticizes the fake news
"Science/NASA/Movies/TV/Media paint a picture that says human life is a mere random event. That compared to the universe, human beings are nothing special. That we're on this planet to serve our own selfish desires. Please do not be deceived.",criticizes the fake news
a martian answering the nature's call?,criticizes the fake news
"Because of ignorance, several illusions may take indefinite shape and synoptic...but required gradually study and experiment of very phenomena...",criticizes the fake news
This is photo taken while I went to mars  without oxygen.https://scontent.fnap3-1.fna.fbcdn.net/v/t39.30808-6/454517036_2272480986428772_7254174306476498244_n.jpg?stp=dst-jpg_s526x395_tt6&_nc_cat=105&ccb=1-7&_nc_sid=bd9a62&_nc_ohc=Q2J7k59GWXAQ7kNvgGAfuz7&_nc_zt=23&_nc_ht=scontent.fnap3-1.fna&_nc_gid=AkTCyk-nQf9dvI-MH_muuvq&oh=00_AYDyAiFJ0vAALNzghIP0ZfUBGS6aIrefzfN9l6R0-gnkBg&oe=67A02466,neutral
it looks more like an alien to me.,criticizes the fake news
we never surprise seeing  this NASA. I think for the next report they would say they met Jesus on Space.....lol,criticizes the fake news
#NASA_HOAX as good as their moon landing,criticizes the fake news
This is just another confusing matter. It is difficult to buy the claims untill things become clear. Just claiming something doesn‚Äôt mean that is final truth. I hope it is not a statue at all.,criticizes the fake news
"I guess Northeast Today will upload the Jesus statue really soon too so that they can say that a Jesus like statue appears on Mars, should I edit it or you can do the favour ?",criticizes the fake news
"Religious Aliens. Okay, whatever!",neutral
There's a 'Sleeping Buddha' back home in Darj and Sikkim. I see him everyday from my bedroom window. (y),criticizes the fake news
How does that resemble Buddha? This is no statue... Infact we are tired with the lies....,criticizes the fake news
Not be trust some time technology also lie.but as a relagion we must believe .,criticizes the fake news
"I saw a cloud today that resembled this too; therefore i'm going to buy a plane and chase it around. Those of you who would like to worship 'guatam buddha', well i guess you can purchase a one way ticket to 'paradise mars'....hope you enjoy your flight!!! Oh, and would you mind taking all these 'non-AMERICANS' with you...they desperately need something other than welfare to FOCUS on for a few centuries. Thanks!",criticizes the fake news
NASA pulling its strings for more funding!! Feed this planet first.,criticizes the fake news
I believe in aliens so i believe 50% in this pic,neutral
"Totally false, I think this pic unconsciously  has been clicked in earth area by rocket.",criticizes the fake news
Another Internet Hoax,criticizes the fake news
"another fake af bullshit and that also has religionism. You insane piece of shit, don't fucking tell me aliens had a religion, cus this stupid distinguishing has been done by us Earthlings. This is fucked up.",criticizes the fake news
Not only hindu religion Buddhism also whole world,neutral
Can't be shown another clear image for this.??  Cause  this could be edited somehow by expert..  But and then I am also believers of life on Mars.,criticizes the fake news
"Gautam Buddha statue with boobs :P :P :P  Religious people are so damn stupid. Please dont destroy Mars, like you idiots have done on earth.",criticizes the fake news
Let me request you all please.. I don't know what you people are thinking about does not matter to me.me being a Buddhist I would like say you all  please don't use any rubbish word. Every religion has it own law so we must respect every religion,neutral
"wow our lord buddha is also worshipped by martians Ûæåµ proud to be a buddhist,  buddha dhamma sanga may the triple gems bless every living being",believes the fake news
"We see what we look. Our mind is filled with thousand of images and this could be one of it. To Buddha it is just a Maya and Maya is the cause of all the suffering. Purified mind is when one deletes all the images in our mind. We see this kind of images in clouds, on bark of trees, on stones and lots more. They even saw a mans face on the moon and a pyramid type on the surface of Mars. Whoever saw that image as Buddha shows his respect to Buddha and I respect his vision. Now it is up to us how we judge it as. Thank you for sharing the image.",believes the fake news
I want whatever you guys are smoking.,criticizes the fake news
That's enough internet for today,criticizes the fake news
That plaster of Paris almost looks real lol,criticizes the fake news
9th grade art class...,criticizes the fake news
No five finger discount for him,criticizes the fake news
Kinda looks like a munk that's done self mummification or a sculpture of one.,criticizes the fake news
Where did they find this picture of me,criticizes the fake news
"The ""Cardiff Giant"" Was More Believable.",criticizes the fake news
"Sometimes - Men had 3 fingers,& one eyed.",criticizes the fake news
"Someone's art sculpture got discovered near the monolith... WOW, now that's something!",criticizes the fake news
Play dough,criticizes the fake news
Can't believe anything these days with A I,criticizes the fake news
Looks like something I made in pottery class!!!,criticizes the fake news
The comic The Daily Mail,criticizes the fake news
The scientific said the alien mummy was a toy ...,criticizes the fake news
You been cave diving again Rob Paton,criticizes the fake news
https://external.fnap3-1.fna.fbcdn.net/emg1/v/t13/966535590928013571?url=https%3A%2F%2Fmedia3.giphy.com%2Fmedia%2FlX2UkhLnMmS74uRduN%2Fgiphy.gif%3Fcid%3D120c0147vx5jkiyclbv7hpp20tux4mbvllgsmw0a63bikpqp%26rid%3Dgiphy.gif&fb_obo=1&utld=giphy.com&stp=dst-emg0_q75_s480x480_tt6&ccb=13-1&oh=06_Q399vmPyaRZ6TZdoOmE6mOUX3nNSnEOUC2YD1YkJA_Haccg&oe=679C2397&_nc_sid=c97757,neutral
https://external.fnap3-1.fna.fbcdn.net/emg1/v/t13/28345301873528835?url=https%3A%2F%2Fmedia1.tenor.co%2Fm%2FfKxP2yMfiOkAAAAd%2Fdancing-dancing-alien.gif%3Fc%3DVjFfZmFjZWJvb2tfd2ViY29tbWVudHM&fb_obo=1&utld=tenor.co&stp=dst-jpg_flffffff_q75_s792x792_tt6&ccb=13-1&oh=06_Q39963wFuxLh6AEmiY_-qd9KGK7_z4Yna3vmWZnggbFmk9U&oe=679C3771&_nc_sid=867500,neutral
"That Peter Dutton‚Äôs and GinaReinhart .
Love  child.",criticizes the fake news
Smiegel,neutral
FKe,criticizes the fake news
This is man made aliens. Which never existed. God only created humans and animals and the whole universe. So just keep all these other things to yourself.,criticizes the fake news
Ffs. ...,criticizes the fake news
Looks like a piece of plastic that‚Äôs been in a mould !!!,criticizes the fake news
Oh I do better than that I usually give the two finger salute to people..!!..,criticizes the fake news
"Will believe it when only this guy confirms it üòÇü§£

https://external.fnap3-1.fna.fbcdn.net/emg1/v/t13/6372448600358713035?url=https%3A%2F%2Fmedia3.giphy.com%2Fmedia%2Fv1.Y2lkPTk5OWFjZWFjaXNlYzg5cmRmam5veHRyc3FqMzNpZTM5dWNpa2gwaHl2bmM2ZXo1MiZlcD12MV9naWZzX3NlYXJjaCZjdD1n%2F3oEjI789af0AVurF60%2Fgiphy.gif&fb_obo=1&utld=giphy.com&stp=dst-jpg_flffffff_q75_s792x792_tt6&ccb=13-1&oh=06_Q399_ewUy9taAvYdbGgwdikRPvLxnzbEUGep5NssPCHHHs4&oe=679C33A5&_nc_sid=867500",criticizes the fake news
"I'm unfollowing yall doing to much lately  I'm out

https://external.fnap3-1.fna.fbcdn.net/emg1/v/t13/5221035288120466585?url=https%3A%2F%2Fmedia1.tenor.co%2Fm%2FfaN2dKqRXF0AAAAC%2Fles-bbq-texas-in-every-way.gif%3Ft%3DAAYbrsWo-DQIWoWYRwqOHg%26c%3DVjFfZmFjZWJvb2s&fb_obo=1&utld=tenor.co&stp=dst-emg0_q75_s180x320_tt6&ccb=13-1&oh=06_Q3991vwHyGiq51HRMbTYbD4GqlRcer7_maYRYuSod2ihJMQ&oe=679C3556&_nc_sid=c97757",criticizes the fake news
What a load of nonsense,criticizes the fake news
Broke into someone‚Äôs cave got caught stealing the gummy bears and they chopped his fingers off,criticizes the fake news
Could only be 3 fingers because they ran out of Plaster...,criticizes the fake news
So basically where the human anatomy is already headed üíÄüëΩ,criticizes the fake news
"Some disabled people have less than 10 fingers, they are not aliens

https://external.fnap3-1.fna.fbcdn.net/emg1/v/t13/16965061574680770614?url=https%3A%2F%2Fmedia1.tenor.co%2Fm%2FgUrW6mnwVuQAAAAd%2Fits-a-fake-maggie-bell.gif%3Fc%3DVjFfZmFjZWJvb2tfd2ViY29tbWVudHM&fb_obo=1&utld=tenor.co&stp=dst-emg0_q75_s640x640_tt6&ccb=13-1&oh=06_Q3994zDV80U37rjv2KCpW67sBefQH1TjOkxoooTebBlDTnc&oe=679C2106&_nc_sid=c97757",criticizes the fake news
If real (doubtful) they probably  have Apert syndrome.,criticizes the fake news
You‚Äôll be happy they only have three fingers when they‚Äôre probing you!,criticizes the fake news
"Have heard of many tribes around the world with unique hand an foot mutations but never really seen mutations so perfectly formed, i guess this is all how evolution happens though, seems somewhat believable would be hard to fake a skull with an extra 30% capacity without signs of manipulation same with the hands an feet but still no evidence its not a mutated or defected human, i wanna hear about dna tests done on it, you know that guy who had his fingers nose an ears removed because he wants to be an alien? What would humans think of him if they found him wrapped up in a cave 1000 years from now? Especially if his dna is damaged an not can not be fully gathered",believes the fake news
It kind of looks like Joe Biden ü•¥ü•¥ü•¥ü§¶üèΩ‚Äç‚ôÇÔ∏è,criticizes the fake news
Alright Kids you punked  me,criticizes the fake news
B.S. Laughable .,criticizes the fake news
If it's true why hasn't this hit the mainstream news?,criticizes the fake news
Doaa Hamed  ÿßŸÑÿ≠Ÿàÿßÿ± ÿØŸá ÿ™ÿ≠ÿØŸäÿØÿß ŸÑŸäŸá ÿ™ÿ®Ÿäÿπÿßÿ™,neutral
"another fake story .. like history 
or like idf is the most moral army",criticizes the fake news
Transformers :),criticizes the fake news
Sorry to say most of you are going to have to think outside of your tiny prison like box that your religious parents put you in,criticizes the fake news
That happened long ago....Alien vs Predator lol movie,criticizes the fake news
Learn to spell you potato... (Abhishek),criticizes the fake news
Been saying for years that I reckon something's buried under Antarctica that would make us rethink our history. Be nice if they are artificial constructs and not natural formations. Guess we'll all have to wait and see.,criticizes the fake news
Beware....!Transformers have hidden there machines.....!!!,criticizes the fake news
Google it people. Have some common sense and make up your own minds. Complete hoax. The structures are glacial horns. Google it,criticizes the fake news
I see a battle between alien and predator going on here.,criticizes the fake news
Pissable? Is that a word?,criticizes the fake news
Predator Vs Aliens ! lol,criticizes the fake news
"Aliens,please stop trolling us...lol",criticizes the fake news
Martin Dell,neutral
Adem Kamchah,neutral
Winter is coming,criticizes the fake news
"Check out what Edgar Cayce says about that landmass, and others. Keep an open mind to the fact that we are not at all the pinnacle of human civilization.",believes the fake news
Bullshittttttt Emma Danielle,criticizes the fake news
Its fake. Thia vide was published in sept 2012 and till now there is nothing. http://youtu.be/stKJJ6xWYFY,criticizes the fake news
Rise of Snow man,criticizes the fake news
"run run run the aliens are coming!!!!!!""""""lolllzzz",criticizes the fake news
Hello erosion.,criticizes the fake news
‚òÖ‚òÖ‚òÖ‚òÖ‚òÖ‚òÖ‚òÖ‚òÖ‚òÖ‚òÖ‚òÖ‚òÖ‚òÖ‚òÖ  Must Read ? ?  (‚Ä¢_‚Ä¢)<) )? ./ \.if you want to make yourself a ‚ÄúMYSTERIOUS PERSON‚Äù ‚ÄúFAMOUS PERSON‚Äù‚ÄúTO INCRESE YOUR RAPOO ON FACEBOOK BY MAGIC  you like my page‚Ä¶‚Ä¶‚Ä¶‚Ä¶and become a famous only in 1 hours‚Ä¶‚Ä¶.I am not joking‚Ä¶‚Ä¶..let‚Äôs try‚Ä¶‚Ä¶‚Ä¶‚Ä¶‚Ä¶‚òÖ‚òÖ‚òÖ‚òÖ‚òÖ‚òÖ‚òÖ‚òÖ‚òÖ‚òÖ‚òÖ‚òÖ‚òÖ‚òÖ,neutral
That's amazing!,believes the fake news
http://english.ruvr.ru/news/2013_06_18/Ancient-pyramids-possibly-man-made-discovered-in-Antarctica-5371/,believes the fake news
Cool!,believes the fake news
stranger !!!,criticizes the fake news
Sandy Walter,neutral
ANCIENT ALLEINS,criticizes the fake news
And here I'm watching that dang movie >=|,criticizes the fake news
Why not ...,neutral
The predators are gonna be pissed off.,criticizes the fake news
"sounds a bit fake, besides Antarctica was covered by ice long before Humans arrived",criticizes the fake news
It's Predator!!,criticizes the fake news
There have been many ice ages and polar shifts....its pissible that was a desery millions bof years back,criticizes the fake news
that's a tent! covered with snow :3,criticizes the fake news
i think it was made by the ancient aliens!,criticizes the fake news
"we have seen the UFO, not to the elians.",criticizes the fake news
Damn god.. These people play wid ur mind. This myt b fake or true.. letz c.. anyhow itz interesting to even think bout such thingz....,criticizes the fake news
Is this a test of how stupid people are?,criticizes the fake news
alien vs predator!,criticizes the fake news
We're too busy by doing nothing.  So we're unable to copy and paste it for search,criticizes the fake news
"I,ve  and my family  has been on Ester Island.  Great to see the many status. Very interesting   . Wonderful place . Amazing People üòç",neutral
Very interesting!!!,believes the fake news
The bodies were discovered maaaaany years ago. Strange it keeps popping up as new discovery ü§î,criticizes the fake news
This is so amazing.,believes the fake news
This was discovered in the 50s. It's strange that it keeps popping up as a new discovery.,criticizes the fake news
I've been twice on Easter Island. Great to see the many statues from nearby. Wonderful place and very nice people.,neutral
So so why were these statues buried that deep?? Interesting findings good work guys,neutral
It is funny how no one wonders why the carving of the canoe is like a 2 year Olds fridge painting and the statue is carved like fine art. I would think 2 different historical times in the life of Easter island.,criticizes the fake news
I‚Äôd absolutely love to go to see these! ü•∞ü•∞,believes the fake news
I‚Äôll never forget my trip to Easter island. The people were wonderful. I enjoyed it so much.‚ù§Ô∏è,neutral
Why is it special to suddenly realize that those moais bodies were covered with soil...if you know about basalt rock decaying...turns brown on outside caused by sun and rain...then it falls off the block of volcanic rock as clay and rock chips...then these gradually washed downwards along the mountain slopes in the process mixing with other organic matter...eventually it reaches the hillside standing moais...over hundreds of years it  gradually builds up until it reaches around the statues necks as you see before  digging..are you so stupid as not to realize that without even digging....it seems that you've just got out of the class room and then outside of the high-rise jungles...you are talking about something that is not part of your lives and not your type of culture hence your excitement over a minor aspect of something of not much significance....the is not yours ...it.is.in the people of Te Pito O Te Henua....give them the respect owed to them and their ancestors,criticizes the fake news
Amazing!  I always wondered!,believes the fake news
"My question is...
If they stood on Easter Island for eons of time...why is the body coloring not damaged ..there would have been some change to it and the elements would have damaged the whole body, not just the head ...I love archaelogy!",neutral
"This isn't exactly news. As early as 1914, archaeologists on Easter Island discovered that the heads of at least some of the megalithic statues, traditionally called moai, were attached to torsos. Personally, I read about this as long ago as the late1950's.",criticizes the fake news
"Nossa, vai mudar a hist√≥ria e trazer mais curiosidades, se j√° era dif√≠cil  entender, imagina agora !!!!",believes the fake news
"OSHA would be very upset with that dig. No shoring on the walls, potential cave in. However, this is awesome!!!",criticizes the fake news
"Reminds me of finding my 5x great grandmothers lost inscription.  The stone is from 1789 and had sunk five feet by 1864 when every inscription that could be read were recorded.  He husbands, now worn away, was, but nothing for her.",criticizes the fake news
Oh I‚Äôd love to do something like that!,believes the fake news
"I think as you are trying to recreate the walking of the statues to show how they got moved, I think the (recently discovered finds that confirms) it is being overlooked that the beings during that day were 30 - 40 feet tall and most likely very heavy people, were unlike 5'-10"" - 6'-8"" being to 180 lbs being of today.  It's possible, they just carried the statues to the place they needed to go.",criticizes the fake news
Amazing how much dust falls on the earth to bury these statutes so deeply  . . . Truly amazing to me.,believes the fake news
Thank-you so much.  Incredible.,criticizes the fake news
amazing that there are no other big stones around near by how where the stones brought there,neutral
That‚Äôs awesome I‚Äôve always been intrigued with Easter Island,criticizes the fake news
Isso √© incr√≠vel eu espero que descubra todas as estatuas √© mostre essa maravilha para todos do mundo inteiro estamos ansiosos √© que seja muito breve ‚ù§Ô∏èüáßüá∑,neutral
Very interesting.good job,believes the fake news
Bravo √† vous tous pour votre Courage. C'est vraiment super cette d√©couverte. Merci pour le partage,neutral
Truly amazing. Our true world mega history slowly is being reveled. Can you imagine what they will show us when the true secrets of the Pyramids and the Spinx are finally relieved. We will someday break the 11k BC wall.,neutral
The original garden gnome.,neutral
Would love to know what the carvings in the stone represent !!,criticizes the fake news
Wow what a find !!I watched Good morning America when Micheal Strahan was there what a beautiful place and amazing people!,criticizes the fake news
And if I am not mistaken.that looks like a boombox on its back,criticizes the fake news
outstanding and total amazing. would love to go to Easter island,neutral
THINK OF HOW DEEP YOU WOULD REALLY HAVE TO GO ANYWHERE ELSE ON THE ISLAND TO FIND ANYYHING FROM THAT PERIOD,criticizes the fake news
Bonjour √† tous je vois une grave erreur la personne qui est assise au fond au pied de la taille ne devrait pas √™tre l√† normalement il devrait y avoir un talus pour la s√©curit√© si le terrain s'√©boule elle n'aura pas le temps de bouger. C'est arriv√© malheureusement √† Beugnatre √† c√¥t√© de Bapaume dans le Pas-de-Calais en France. Un gar√ßon une fille √¢g√©e de 17 ans √† peu pr√®s et b√©n√©vole enseveli vivant,criticizes the fake news
We were there.  Never thought they had bodies.  What a magnificent find.  How did create them? We will never really know and why there?,criticizes the fake news
I didn't know they played racketball!,criticizes the fake news
Just amazing,criticizes the fake news
I wrote about it years ago and I still don't see a forest being planted on Easter Island,criticizes the fake news
"Great Job, but if I was working at that (or any construction company) I would have ditch boxes, or wall supports at least. That is very dangerous and deadly.",criticizes the fake news
I currently have a Easter Island head replica in my front yard .,criticizes the fake news
Simple mind conditioning for the conspiracy plan in the future,criticizes the fake news
Jade Johnson makes sense,believes the fake news
The Bermuda Triangle is the main grid that connects to all of the other Pyramids across the Planet...,believes the fake news
They have known about this for a very long long time,believes the fake news
I find this extremely fascinating.  Very interesting üëå,believes the fake news
The Bermuda triangle stopped existing............,criticizes the fake news
Interesting,believes the fake news
how about Oceangate could organize some trips down there ^^,neutral
Meu Deus do C√©u,neutral
Great potato shop,neutral
Just curious what can be inside,neutral
"well, yes... 20 years ago..  üòÖ",criticizes the fake news
Yep. ‚Ä¶‚Ä¶‚Ä¶good job. They wernt able to get the sperm where it was sposed to go. Back in 2020.  Otherwise we all wouldn‚Äôt n Be here.    Activation didn‚Äôt happen.   Thank god Those that know know !! Wink wink,criticizes the fake news
Incroyable,criticizes the fake news
"Bermuda triangle, life inside there",neutral
Prachtig. Geweldig nieuws üôèüèªüôèüèªüôèüèª,believes the fake news
Tiene sentido !,believes the fake news
Of course !,believes the fake news
Very interesting,believes the fake news
I love that they are finding these all over the world. Can‚Äôt wait to see others,believes the fake news
Right...,believes the fake news
Iv been there üòÜ,believes the fake news
Sounds about right,believes the fake news
Love it!!!,believes the fake news
Great news,believes the fake news
Zenada,neutral
Woow.,believes the fake news
Amazing,believes the fake news
Right. üòÜ,believes the fake news
Story teller,criticizes the fake news
Muy interesante,believes the fake news
"Andrew Davies Radge Pot Singh Craig Williams Robert Matge Steven Burgoyne not sure how legit this is, but for sure it seems more legit than a certain new group member ü§£ miss you guys!",criticizes the fake news
John Jackson,neutral
Inman Campbell dive trip? ü§£üòé,neutral
Atlantis,neutral
Carel Shoates,neutral
Niwat Mekhintharasombat,neutral
Eric Howell,neutral
Diego Raphael,neutral
Dave Carrington,neutral
"‚ÄúCarved by lava and time‚Äù it says about something clearly moulded out of sand. And not too deeply at that, so that‚Äôs a few minutes work. Less if those really are tyre tracks all along the sole üòÑ",criticizes the fake news
This is definitely legit üò¨ü§îüòÇ,criticizes the fake news
We need a link to the page,neutral
AI,criticizes the fake news
Sole entry in the 'human forms' sand constructions competition - no prizes awarded.,criticizes the fake news
He seems to have been wearing beach shoes...,criticizes the fake news
That shirtless moron would love this üòÇüòÇ,criticizes the fake news
i c a i b s,neutral
"Yep, if that‚Äôs not real it‚Äôs definitely what I‚Äôd call a perfect illusion.",criticizes the fake news
https://scontent-fco2-1.xx.fbcdn.net/v/t39.30808-6/574272174_33038144585784723_3076018553183306106_n.jpg?stp=dst-jpg_p206x206_tt6&_nc_cat=111&ccb=1-7&_nc_sid=bd9a62&_nc_ohc=jrcsk2A15a0Q7kNvwHZjE-Z&_nc_oc=AdkLfB0HOWVqBJS8cJfAYMVXnjhbsJSlU8CzqtjIL4BZyv5CEVhH52fGCHHHpqbMjek&_nc_zt=23&_nc_ht=scontent-fco2-1.xx&_nc_gid=0hR7JfaQ8dsODmIxmWZoMg&oh=00_AfiA5D3FiNbECblnVbhIqGprkiMDDFzA8kh6NAOTU5oi1Q&oe=6913F574,neutral
"I particularly love how all these giants and dinosaur-riding humans always seem to descend from high above, boop the ground once and be gone.",criticizes the fake news
"Those are the only two possible explanations? How about ""a gang of adolescents playing a prank""?",criticizes the fake news
Bro this is the most flat footed giant I ever seen. Do he got a giant podiatrist?,criticizes the fake news
Do you ever wonder if some of these people are just Foot Guys who fantasize about getting stepped on?,criticizes the fake news
https://external-fco2-1.xx.fbcdn.net/emg1/v/t13/14828696805627573183?url=https%3A%2F%2Fmedia.tenor.co%2FsOxx6hPTkKwAAAAM%2Fal-bundy-bundy.gif&fb_obo=1&utld=tenor.co&stp=dst-emg0_q75_s220x166_tt6&_nc_gid=0hR7JfaQ8dsODmIxmWZoMg&_nc_oc=AdmO5esa8Zudp5hUo6MpWIgB0h50VjARSXwvsWheSk5k1MtDlC_XWls3A_3SuJvDS34&ccb=13-1&oh=06_Q3-4ARREh-foQn6k5_jXi1pDTsHldcexUgZt2HrywpYeg04g&oe=69100741&_nc_sid=c97757,neutral
Was it created by the Foot Clan?,criticizes the fake news
https://external-fco2-1.xx.fbcdn.net/emg1/v/t13/15624044371782216147?url=https%3A%2F%2Fmedia.tenor.com%2FujdF0_57HFYAAAAM%2Fmuddy-mud.gif&fb_obo=1&utld=tenor.com&stp=dst-emg0_q75_s220x140_tt6&_nc_gid=0hR7JfaQ8dsODmIxmWZoMg&_nc_oc=Admrr_6VsYb7mXWY8Cp5QWzt2NC1eIiWgsmzyQKqeGz5DsQD-2e0jb63Zi3bdRvKD_Y&ccb=13-1&oh=06_Q3-4ATd1FnbRMBu_SdTgDGimgbzCQOaEw8jhMhjR7cTlJTQO&oe=69100EE0&_nc_sid=c97757,neutral
just the one footprint?,criticizes the fake news
Giants were renowned for their terrible arch and subsequent footie pains.,criticizes the fake news
"Why, that's the footprint of the CEO of Antifa!",criticizes the fake news
Made by people that don't understand how footprints work?,criticizes the fake news
"Ultra Rare. One foot, six toes AND a giant. He was probably albino too.",criticizes the fake news
"I love that the giant took a single step and then hopped into the sea, never to touch land again.",criticizes the fake news
1 foot print? Did he hop on the foot and fly away?,criticizes the fake news
Toe prints AND tread marks. That's some fancy footwear.,criticizes the fake news
"The most of the weight would be under the big toe (though the ""big toe"" isn't very a big toe at all lmao). That's the least looking footprint I've seen yet",criticizes the fake news
I‚Äôve always wondered why it‚Äôs always one single footprint.  Wouldn‚Äôt you expect a trail of them?  More than one at the very least?,criticizes the fake news
Doesn't look fake at all!,believes the fake news
That is funny - respect to the creators of that.,criticizes the fake news
That's it im officially stupid now! All these posts have made me dumber!,criticizes the fake news
Proof of giants or perfect illusion carved by lava and time. Definitely one of those two choices,neutral
Well the giant obviously has skin with square scales.  Dur.  üòÅ,criticizes the fake news
The giant only needed to take one step on Earth to nope out back into Giantland,criticizes the fake news
Six toes!,criticizes the fake news
"ok, but is it made with peach cream and filling?",criticizes the fake news
Sparked a debate for me. How stupid is the average person who believes this?,criticizes the fake news
https://external-fco2-1.xx.fbcdn.net/emg1/v/t13/487042408393866033?url=https%3A%2F%2Fmedia1.tenor.co%2Fm%2F3ySbY2xHpBMAAAAC%2Faliens.gif&fb_obo=1&utld=tenor.co&stp=dst-emg0_q75_s128x128_tt6&_nc_gid=8QRomaGbsFea3pcBx_gJ_w&_nc_oc=Adk4_VDY4Jei1fWv9v-1IzUwzmCgxYN4BpvG_jCLX5Mizq-Aa74HMYHaudlgBvpnMIw&ccb=13-1&oh=06_Q3-4ARmO6PNtNLP4_WzPEEPFk5RIjr290Ag2TLKBF0C1KEl2&oe=690FED4A&_nc_sid=c97757,neutral
Amazing after an area has inhabited for thousands of years they just found this sitting perfectly on the surface in 2025!,criticizes the fake news
My bet is that it was Zeus,criticizes the fake news
One single footprint on its own,criticizes the fake news
"-Thomas Valentine It is in a way, since Sanskrit (which was established early) has a large influence on Hindi.",criticizes the fake news
"-Thomas Valentine it absolutely is. That the beauty of the stupidity of Aryan superiority nonsense, and something I've weaponized against neo-Nazis ever since I was in high school.

""Aryan Guard"": thank you so much for your protection. It's so wonderful to see people who recognize my value

""Aryan Brotherhood"": EYYYY, my brother!

I may have gotten in some yelling matches and scuffles doing this, but they were worth it.",criticizes the fake news
"-Thomas Valentine also worth pointing out that the Aryavarta (""Land of the Aryans"", as it were) was on the Indian Subcontinent (modern day Pakistan and in both parts of modern day Punjab)",criticizes the fake news
"-Thomas Valentine given that Aryan refers to people from Iran, it is a lot closer to India than Germany",criticizes the fake news
--Karel Havl√≠ƒçek And proto-germanic had a large influence on English. The classification of languages has little to do with the fact that they've all been developing and evolving regardless of whether we randomly decided to call then something else at some point. It just means we have more details about those developments. An alien with little detailed knowledge about Europe might say that Latin was spoken in Europe from 1000 BCE to the modern day.,criticizes the fake news
--Jaspaul Sandhu never a bad thing to punch a nazi,criticizes the fake news
--Jaspaul Sandhu I wish I could pull off this particular line of reasoning but as a person of German descent I fear it might come off weird? But I absolutely love that you‚Äôre doing it! Ôøº,criticizes the fake news
"--Kate Kaboom this particular line would be challenging if you're not ethnically from the Subcontinent, but the good news is that neo-Nazis are stupid in so many ways, that there are plenty of lines to ridicule them on",criticizes the fake news
"--Jaspaul Sandhu wasn't Aryavarta somewhere in Chorasan or Kwarasmia?

but nice one for the Aryan brotherhood üòÇüëåüèº
‡§≠‡•ç‡§∞‡§æ‡§§‡§æ (bhrƒÅtƒÅ)!",criticizes the fake news
"--Marko Perkovic it's been a long time since AP World History, but I don't recall that being the case. I could be wrong though",criticizes the fake news
"--Jaspaul Sandhu Sorry I was confusing it with Airyanem Vaejah which is most likely in/or around Chorasmia, and Aryavarta or Brahmavarta is in fact in the north of the Indian subcontinent,

the former being both the ancient homeland of the Indo-Iranic early Aryas and with later ethnogenesis becoming the original homeland of the Iranic people, the Airiia",criticizes the fake news
Sepehr is a Nazi. Or so close it doesn't matter.,neutral
-David Higgins well we can't say if he is or isn't... He is üòÇ.,neutral
-David Higgins if he steps like a goose...,neutral
-David Higgins Neo-Nazis. Worse than Nazis as the actual Nazis did not have 70 years of history to see how shitty of an idea it really was.,neutral
-David Higgins This is literally what the Nazis believed in.,criticizes the fake news
"-David Higgins seems much more likely to me that he is a disinfo purveyor/profiteer desiring to fit in to the current misdirective neo-con conspiracy space promoting the age-old ""jewish conspiracy"" from a ridiculous mystical/""gnostic"" angle, considering his father is a Jewish filmmaker",criticizes the fake news
"-David Higgins Jesus christ, I never heard of this guy until now, and the first FIVE POSTS of his tick all the boxes:

- boomer meme about white people being boxed up and apparently in the 'minority' now
- something about the great replacement sort of sh.it
- Nazi UFO/Antarctica conspiracy that goes around occult sort of groups
- actual pagan occult post
- now the above sh.it on Aryan mythologising

Yep, if not a nazi, then he's certainly very much a crypto fascist, or way down that pipeline...",criticizes the fake news
-David Higgins He is Jewish actually,neutral
"--Cody Zabroski Oh, he‚Äôs a Neo Nazi dude, there is no doubt",neutral
"--Marcus Vall√©e before I realized he was, I thought his ""documentaries"" were just amazing worldbuilding for a fantasy novel.",criticizes the fake news
"--Fingers Leandre Delaurus and the real Nazis were also acting out of the trauma of WWI. doesn't excuse what they did, but they were f*cked in the head.",neutral
"--Daniel Yeow it‚Äôs not much of an excuse, but some just got along with the cool music, or simply did not resist or just enjoying the spiffy outfits and swallowed the cool-aid. But they did not join knowing how fuckingly bad of an idea it was. Neo Nazis RESEARCH how fucking bad of an idea it is before joining.",neutral
"--Adrian Burt exactly. He might not have a Nazi party membership card, but he'd absolutely be able to get one.",neutral
"I'm a pacifist, but Nazis shouldn't feel safe like that...",neutral
"-Marijn Tak Im a pacifist, but",neutral
"-Marijn Tak  I'm not a pacifist, but don't hold anything against you for being one. nazis deserve to exist in abject terror unless they recant and actually change.",neutral
"-Marijn Tak yes, it's not about enjoying or preferring violence, it's about survival. If we let nazi feel safe then they will take over. Paradox of intolerance and all that.",neutral
--Jean Merlier I can both not believe in power through violence and think Nazis shouldn't have the confidence to say their malicious nonsense without repercussion; I'm flexible like that. üòú,neutral
"--Jean Merlier Google ""intolerance paradox"".",neutral
--Jack Douglas intolerance paradox is bullshit,neutral
"--Cancehladoo Da Silva therefore all philosophy is bunkum, according to you...",neutral
--Jack Douglas lmao,neutral
"--Cancehladoo Da Silva ok, fascist",neutral
--Cassandra Arjay neofascist*,neutral
--Marijn Tak It's a play on I'm not racist but. Someone could reply I can both not believe in superiority of a select race and think White people shouldn't have the confidence to say their malicious nonsense without repercussion; I'm flexible like that. I like looking at structure of argument and thought more then the arguments and thought themselves. I would object to 'him not racist' but on the same grounds of internal consistency. Now if someone is not x but and that's consistent now that's interesting as it's a totally new paradigm.,neutral
"--Jack Douglas Tolerance and Intolerance has many faces indeed hard to sift through. Always been fascinated with the current definition as well as the modifications of hate speech for that reason see article 319 of Canadian criminal code for details. Like we should've tolerated witches during antiquity but we shouldn't tolerate Nazi ideology now. That's not consistent. Most people critiquing the Nazi would agree that persecution of Witch, Non-Christian, current persecution of Muslim in China, ect. all those are considered bad by the same person who are considering good the persecution of Nazi. See Albigensian massacre crusade of Pope Innocent 3 (can't make this shit up)",neutral
--Cancehladoo Da Silva define your therms.,neutral
--Therms?,neutral
--Jean Merlier no,neutral
